{"epoch": 22, "loss_kl/train": 0.0018364576826570556, "loss_recon/train": 1.7334261632391386, "_timestamp": 1668856360, "_runtime": 96, "_step": 43, "loss_kl/val": 0.0016698008112143725, "loss_recon/val": 1.38629435641425, "auc/val": 0.5380953196432485, "ap/val": 0.5345847934734635, "_wandb": {"runtime": 96}}