{"epoch": 33, "loss_kl/train": 0.5181325812030722, "loss_recon/train": 1.3772607743740082, "_timestamp": 1667857359, "_runtime": 113, "_step": 65, "loss_kl/val": 0.5209208241215458, "loss_recon/val": 1.2487477682254933, "auc/val": 0.7653972674768796, "ap/val": 0.7197554118966898, "_wandb": {"runtime": 114}}